crop,crop_size,method,merge_time_1,merge_time_2,merge_time_3,merge_time_4,merge_time_5,peak_memory_usage_1,peak_memory_usage_2,peak_memory_usage_3,peak_memory_usage_4,peak_memory_usage_5,num_gt,num_pred,mAP,mAP50,mAP75,precision,recall,f1
crop_100000_0,100000,spm_seam_only,14.321310889092274,14.260296527994797,14.077172823017463,14.295606242958456,14.307927243993618,677.2578125,677.59765625,677.7890625,678.15625,676.89453125,56254,61470,0.611318793939625,0.8832174928886937,0.7272402744914548,0.8274280136652026,0.9041490382906104,0.8640888858686419
crop_100000_0,100000,spm_global,15.720299236942083,15.662940730107948,15.64836007496342,15.667183679994196,15.576371841947548,682.328125,682.22265625,681.53125,681.5625,682.359375,56254,59625,0.6044690158669254,0.874303774003644,0.7185967902435647,0.844293501048218,0.8948874746684681,0.868854581071635
crop_100000_0,100000,sahi_lsnms,6.6067949020070955,6.624786748085171,6.739774942048825,6.684360903920606,6.58938581100665,359.74609375,359.7578125,359.67578125,359.85546875,359.734375,56254,73507,0.5218220375069016,0.8092173031518679,0.5960679042574978,0.6916756227298081,0.9038112845308778,0.7836406932745585
crop_100000_1,100000,spm_seam_only,13.812712967977859,13.98840888403356,14.027608072035946,14.02842128102202,13.831615678034723,725.41015625,724.91796875,724.96875,724.83203125,726.5,55580,61049,0.6306177850411896,0.8956458049310788,0.7578576475932197,0.8346737866304116,0.9168046059733718,0.8738135455161238
crop_100000_1,100000,spm_global,15.347055003978312,15.520842225989327,15.231639021076262,15.333838592050597,15.381999793928117,729.44921875,729.47265625,729.4140625,729.85546875,729.5703125,55580,59319,0.6238687473429646,0.8867568602369842,0.7492980859817083,0.8515652657664492,0.9088521050737676,0.8792765820416193
crop_100000_1,100000,sahi_lsnms,6.552604516968131,6.618391584022902,6.658722510910593,6.681971539044753,6.690380010986701,365.28125,365.4453125,365.1328125,365.33203125,365.4375,55580,71620,0.5376705634869834,0.8241656709609929,0.6165411616336808,0.7070790282044122,0.9111370996761425,0.7962421383647799
crop_100000_2,100000,spm_seam_only,10.30062535603065,10.313745100982487,10.301339913043194,10.38515012699645,10.28818512300495,564.9375,565.29296875,565.3046875,564.828125,564.921875,33616,38088,0.6246024146274329,0.8815746989243234,0.7413121479067478,0.7977315689981096,0.9038553069966683,0.8474841013053664
crop_100000_2,100000,spm_global,11.4060191080207,11.324492780957371,11.333194580976851,11.916576595976949,11.873877017991617,565.30859375,565.96875,566.14453125,565.640625,566.015625,33616,37069,0.6177862877488347,0.8724129043022787,0.7322426012364059,0.8106773854163857,0.8939493098524512,0.850279408643984
crop_100000_2,100000,sahi_nms,42.64690682198852,40.00418036500923,40.31985794508364,40.35894374502823,40.72532917000353,26808.6640625,26804.7734375,26808.7265625,26804.66796875,26809.671875,33616,46520,0.5236721703189623,0.8010481729979037,0.5928546365696686,0.6512897678417885,0.9012970014278915,0.7561645203154638
crop_100000_2,100000,sahi_greedy_nmm,65.50696035497822,59.6237611209508,60.27943471702747,64.42661441897508,65.41892648302019,26809.3828125,26808.73828125,26809.08984375,26802.8125,26808.64453125,33616,46520,0.5840227686302976,0.8287809267523731,0.6934952111167083,0.6621453138435082,0.9163196097096621,0.7687680942397923
crop_100000_2,100000,sahi_lsnms,7.267023143940605,6.915620321989991,6.9251161239808425,6.69051131606102,6.597428142908029,322.37890625,323.1953125,323.1484375,323.15234375,323.140625,33616,46520,0.523672180279612,0.8010481729979037,0.5928545399390505,0.6512897678417885,0.9012970014278915,0.7561645203154638
crop_10000_0,10000,spm_seam_only,0.469808914931491,0.4742752210004255,0.4815585380420089,0.4946164709981531,0.49066135310567915,19.609375,19.69921875,19.63671875,19.65625,19.6796875,1515,1520,0.5639005782331408,0.8608454235413546,0.6675056268363938,0.8769736842105263,0.8798679867986798,0.8784184514003295
crop_10000_0,10000,spm_global,0.5024474520469084,0.588918297085911,0.509646852966398,0.5094324779929593,0.5027095900150016,19.765625,19.73828125,19.80078125,19.6875,19.83984375,1515,1498,0.5631557348209905,0.8606807993556601,0.6669264051979149,0.8845126835781041,0.8745874587458746,0.8795220710255559
crop_10000_0,10000,sahi_nms,0.09842565399594605,0.09323994303122163,0.0973395979963243,0.09998248692136258,0.09281633503269404,252.68359375,252.67578125,252.62109375,252.7578125,252.57421875,1515,1763,0.5365821118726735,0.8478479527688758,0.6108430474590947,0.7804878048780488,0.9082508250825082,0.8395363026235511
crop_10000_0,10000,sahi_nmm,0.8063127039931715,0.829378129914403,0.8090332259889692,0.8179946090094745,0.8400869240285829,252.61328125,252.703125,252.734375,252.6640625,252.75,1515,1752,0.5584161864082807,0.8651233594694128,0.6562479171743498,0.7876712328767124,0.9108910891089109,0.8448117539026629
crop_10000_0,10000,sahi_greedy_nmm,0.7701113559305668,0.7819719519466162,0.8052466230001301,0.7814900169614702,0.8076121440390125,252.54296875,252.765625,252.53125,252.6796875,252.6640625,1515,1763,0.5588682736676512,0.8644746888357101,0.6563406948035939,0.7838910947249007,0.9122112211221122,0.8431970713849909
crop_10000_0,10000,sahi_lsnms,6.0748440630268306,6.073789262911305,6.0571183720603585,6.198752955067903,6.112035316997208,226.8359375,227.03515625,227.0078125,227.10546875,227.0,1515,1763,0.5365832982658227,0.8478479527688758,0.6108473616160005,0.7804878048780488,0.9082508250825082,0.8395363026235511
crop_10000_1,10000,spm_seam_only,0.5044525190023705,0.509261462953873,0.5333534009987488,0.5045305520761758,0.5069322569761425,19.7421875,19.70703125,19.78125,19.5859375,19.60546875,1479,1521,0.5846510748863053,0.880588587405066,0.6741462600787325,0.8717948717948718,0.896551724137931,0.884
crop_10000_1,10000,spm_global,0.5764629560289904,0.5362961139762774,0.5373201180482283,0.5319422069005668,0.5399568940047175,19.69921875,19.703125,19.703125,19.71875,19.796875,1479,1483,0.5781703019429771,0.8714648304181193,0.6661469031247863,0.8860418071476737,0.8884381338742393,0.887238352464551
crop_10000_1,10000,sahi_nms,0.1098286909982562,0.10023981996346265,0.10173492098692805,0.10262749693356454,0.10456735000479966,260.59765625,260.765625,260.73046875,260.6171875,260.8359375,1479,1783,0.5258084529386423,0.8367350254799095,0.584322878548215,0.7504206393718452,0.9046653144016227,0.8203556100551809
crop_10000_1,10000,sahi_nmm,0.8396595149533823,0.8363030269974843,0.8517540390603244,0.8285471040289849,0.8239317189436406,260.64453125,260.7421875,260.7109375,260.765625,260.875,1479,1771,0.5651758214345688,0.8595989567331503,0.6572025478135103,0.7628458498023716,0.9134550371872887,0.8313846153846154
crop_10000_1,10000,sahi_greedy_nmm,0.7985017159953713,0.9116101119434461,0.8289168709889054,0.8158578190486878,0.796388546936214,260.625,260.65234375,260.73046875,260.71875,260.63671875,1479,1783,0.5648227467974215,0.857220269452156,0.6553451317349561,0.7582725743129557,0.914131169709263,0.8289393010423054
crop_10000_1,10000,sahi_lsnms,6.257212789030746,6.162245255894959,6.174796623061411,6.227988034021109,6.19714327796828,227.27734375,226.87109375,227.2578125,227.1640625,227.06640625,1479,1783,0.5258084529386423,0.8367350254799095,0.584322878548215,0.7504206393718452,0.9046653144016227,0.8203556100551809
crop_10000_2,10000,spm_seam_only,0.4850083249621093,0.47954753099475056,0.4834347750293091,0.48497722193133086,0.5047339759767056,18.75390625,18.6796875,18.734375,18.8359375,18.8359375,1459,1461,0.5887361524248937,0.8727168855793893,0.6850018732861112,0.8877481177275839,0.8889650445510624,0.8883561643835617
crop_10000_2,10000,spm_global,0.5150132729904726,0.5139884770615026,0.5160985980182886,0.5224087199894711,0.5206866939552128,18.98828125,18.875,18.90234375,18.87109375,18.83984375,1459,1435,0.5848584197004911,0.8729501827044654,0.6842733539562824,0.8982578397212544,0.8834818368745716,0.8908085694540429
crop_10000_2,10000,sahi_nms,0.09826878807507455,0.09907636605203152,0.09157934307586402,0.09139719407539815,0.08926981303375214,241.609375,241.6328125,241.703125,241.5625,241.62109375,1459,1717,0.5235850398895574,0.8295316916454128,0.578043781074429,0.7687827606290041,0.9047292666209733,0.8312342569269522
crop_10000_2,10000,sahi_nmm,0.8019737818976864,0.8010177720570937,0.8433431709418073,0.8292595009552315,0.7990641850046813,241.65234375,241.66796875,241.609375,241.72265625,241.64453125,1459,1706,0.5675697302617466,0.8563754718182907,0.6633221093937934,0.7801875732708089,0.912268677176148,0.8410742496050552
crop_10000_2,10000,sahi_greedy_nmm,0.7755649429745972,0.7935239600483328,0.8117557060904801,0.7904321770183742,0.7917331730714068,241.6953125,241.56640625,241.578125,241.64453125,241.75390625,1459,1717,0.5686604234279923,0.8558845048587911,0.6630022851174625,0.7781013395457193,0.9156956819739548,0.8413098236775819
crop_10000_2,10000,sahi_lsnms,6.574916473007761,6.182743293000385,6.0646700139623135,6.160634972038679,6.146901585045271,225.0078125,226.0078125,226.08984375,226.08984375,225.86328125,1459,1717,0.5235850398895574,0.8295316916454128,0.578043781074429,0.7687827606290041,0.9047292666209733,0.8312342569269522
crop_20000_0,20000,spm_seam_only,1.356571799959056,1.357418475090526,1.40524303202983,1.3563168329419568,1.3664275169139728,63.125,63.18359375,63.23828125,63.34765625,62.5546875,5259,5448,0.6016777614592906,0.8905890180461753,0.705187826861684,0.8727973568281938,0.9041642897889333,0.8882039787055198
crop_20000_0,20000,spm_global,1.5370705900713801,1.4979503001086414,1.4957118589663878,1.4823857740266249,1.5262235549744219,63.3359375,63.3359375,63.296875,63.2890625,63.33203125,5259,5318,0.5954763454855396,0.881456234080625,0.697232143606848,0.8867995487025198,0.8967484312606959,0.8917462418455138
crop_20000_0,20000,sahi_nms,0.8935982360271737,0.8949036370031536,0.8992590240668505,0.8701765279984102,0.8869769310113043,2142.09765625,2140.40234375,2142.17578125,2142.03515625,2138.44921875,5259,6424,0.5311722099128937,0.8329581269141026,0.5989240819339732,0.7445516811955168,0.9094884959117703,0.8187965419840794
crop_20000_0,20000,sahi_nmm,3.1182132120011374,3.126482560997829,3.220739212934859,3.2357708390336484,3.1142521830042824,2141.44140625,2141.53515625,2142.14453125,2142.43359375,2140.45703125,5259,6387,0.5805292631305055,0.8566195554621012,0.6852478267518604,0.7565367152027556,0.9188058566267351,0.8298128112656706
crop_20000_0,20000,sahi_greedy_nmm,2.5684027270181105,2.636566544068046,2.5393690729979426,2.5524575790623203,2.6428882400505245,2141.7421875,2142.1875,2138.3046875,2130.203125,2142.4453125,5259,6424,0.578770186679561,0.8544645516071824,0.6833005695540824,0.7528019925280199,0.9195664575014262,0.8278695540528973
crop_20000_0,20000,sahi_lsnms,6.588538950076327,6.484970518038608,6.532316132914275,6.322908284026198,6.356703508994542,226.47265625,227.34375,227.26953125,227.2109375,227.33984375,5259,6424,0.5311737330095043,0.8329581269141026,0.5989240819339732,0.7445516811955168,0.9094884959117703,0.8187965419840794
crop_20000_1,20000,spm_seam_only,1.0891753650503233,1.0753223290666938,1.0876293240580708,1.077970962971449,1.1232440219027922,47.79296875,47.671875,47.79296875,47.765625,47.7578125,4630,4785,0.6128706106279238,0.8892121153326906,0.723868117236045,0.877742946708464,0.9071274298056156,0.8921933085501857
crop_20000_1,20000,spm_global,1.190833501983434,1.197156872949563,1.1908973039826378,1.2377202350180596,1.1958984039956704,48.23046875,48.2265625,48.11328125,48.30859375,48.09765625,4630,4673,0.6079066378534327,0.8797510155050168,0.7225639943701729,0.8897924245666595,0.8980561555075594,0.8939051918735892
crop_20000_1,20000,sahi_nms,0.7178096479037777,0.6845030999975279,0.6722602940862998,0.6599568621022627,0.6666992760729045,1744.33203125,1746.71484375,1746.69921875,1746.5390625,1745.484375,4630,5635,0.5317180312354093,0.8192638110945193,0.6097839750945598,0.7426796805678794,0.9038876889848813,0.8153921091086217
crop_20000_1,20000,sahi_nmm,2.4955097559140995,2.5426161310169846,2.475968571030535,2.4629550910321996,2.4653720390051603,1746.70703125,1744.27734375,1744.39453125,1743.30078125,1746.63671875,4630,5602,0.5824045030014168,0.8477380195693154,0.6941879583636297,0.7599071760085684,0.9194384449244061,0.8320953870211103
crop_20000_1,20000,sahi_greedy_nmm,2.018749614013359,2.0113574200076982,2.0203691670903936,2.0466898690210655,2.0106443730182946,1746.453125,1746.7890625,1746.01171875,1746.25390625,1744.390625,4630,5635,0.5838449935831556,0.8545157076329577,0.6942737786988314,0.7566992014196983,0.920950323974082,0.8307842182172431
crop_20000_1,20000,sahi_lsnms,6.501817619078793,6.590129870921373,6.481300404062495,6.4998453529551625,6.3661776760127395,226.4921875,226.875,226.97265625,227.0,227.046875,4630,5635,0.5317180312354093,0.8192638110945193,0.6097839750945598,0.7426796805678794,0.9038876889848813,0.8153921091086217
crop_20000_2,20000,spm_seam_only,1.1636557759484276,1.1515263799810782,1.1597360438900068,1.1631757849827409,1.1508428700035438,64.2109375,64.109375,64.1484375,64.0703125,64.140625,4414,4719,0.6236368554117682,0.9091133911871265,0.7418837888834039,0.8620470438652257,0.9216130493883099,0.8908354319500712
crop_20000_2,20000,spm_global,1.308914938941598,1.275455716997385,1.2638811360811815,1.2657113269669935,1.2663732200162485,64.68359375,64.62109375,64.7421875,64.63671875,64.578125,4414,4611,0.6167915896211114,0.8998473422776505,0.7333021917159015,0.8752981999566255,0.9143633892161305,0.8944044321329638
crop_20000_2,20000,sahi_nms,0.6227695159614086,0.6312599059892818,0.6164660300128162,0.6900510310661048,0.6128928320249543,1586.859375,1586.5859375,1574.59375,1586.83203125,1586.79296875,4414,5481,0.5503926105206378,0.8495311798890648,0.6363331143881026,0.7418354314906039,0.9211599456275487,0.8218292066700353
crop_20000_2,20000,sahi_nmm,2.500420577940531,2.4916323450161144,2.4634721820475534,2.408908218028955,2.417843227973208,1586.38671875,1586.8203125,1586.66015625,1586.73046875,1586.94921875,4414,5450,0.5985598354085493,0.8741382590255922,0.7165323436297434,0.7559633027522936,0.9333937471681015,0.8353609083536092
crop_20000_2,20000,sahi_greedy_nmm,1.9848779189633206,1.9995980900712311,1.9920092369429767,1.9828360379906371,1.9836181090213358,1585.76953125,1584.609375,1586.12109375,1585.91796875,1578.66796875,4414,5481,0.597448061193661,0.8716704469110342,0.7142085013288513,0.7518700966976829,0.9336202990484821,0.8329459322890349
crop_20000_2,20000,sahi_lsnms,6.557444573030807,6.309930020943284,6.270228239009157,6.336434339988045,6.258645138004795,229.58203125,230.40625,230.390625,230.44921875,230.484375,4414,5481,0.550392361307584,0.8495311798890648,0.6363331143881026,0.7418354314906039,0.9211599456275487,0.8218292066700353
crop_3000_0,3000,spm_seam_only,0.04750572005286813,0.049273959011770785,0.04673900606576353,0.04759023094084114,0.046781821991316974,2.375,2.328125,2.296875,2.32421875,2.3359375,191,182,0.5049556115273799,0.8190765615988609,0.5948810608917543,0.8791208791208791,0.837696335078534,0.8579088471849865
crop_3000_0,3000,spm_global,0.048081077984534204,0.047736341948620975,0.04769848904106766,0.05021612299606204,0.04776036995463073,2.35546875,2.43359375,2.234375,2.37890625,2.36328125,191,181,0.5043640389051152,0.8186636898308068,0.5947339824121468,0.8839779005524862,0.837696335078534,0.8602150537634408
crop_3000_0,3000,sahi_nms,0.00688403204549104,0.006618495099246502,0.0058889350621029735,0.006323626032099128,0.005859113065525889,44.0546875,43.984375,43.578125,44.55859375,43.64453125,191,197,0.4885488415290114,0.8079554777385479,0.592251400456895,0.817258883248731,0.8429319371727748,0.8298969072164948
crop_3000_0,3000,sahi_nmm,0.11609637492801994,0.11624604708049446,0.11569018405862153,0.11462887993548065,0.1164312040200457,44.453125,44.4609375,44.5625,44.63671875,44.55859375,191,196,0.49617024800846643,0.8142433596468261,0.5859463317845857,0.826530612244898,0.8481675392670157,0.8372093023255814
crop_3000_0,3000,sahi_greedy_nmm,0.11398062005173415,0.11474901507608593,0.11404404102358967,0.11253470601513982,0.1134437620639801,44.52734375,44.56640625,44.66796875,44.41796875,44.52734375,191,197,0.4961348517199068,0.8141403669988861,0.5859131730526999,0.8223350253807107,0.8481675392670157,0.8350515463917526
crop_3000_0,3000,sahi_lsnms,6.343701606034301,6.210272923926823,6.267930704983883,6.358795871026814,6.251985297887586,227.359375,227.875,228.046875,227.8671875,227.83984375,191,197,0.4885488415290114,0.8079554777385479,0.592251400456895,0.817258883248731,0.8429319371727748,0.8298969072164948
crop_3000_0,3000,smm,41.174095576046966,40.20098653098103,41.49269404099323,40.45310928102117,40.38659001199994,5085.796875,5085.6640625,5085.6484375,5084.7421875,5084.70703125,191,189,0.49095711071779424,0.8198943350738714,0.554572556893815,0.8571428571428571,0.8481675392670157,0.8526315789473684
crop_3000_1,3000,spm_seam_only,0.08589229395147413,0.08678919705562294,0.08619561605155468,0.08630841097328812,0.08592463389504701,3.0546875,3.08203125,2.984375,2.97265625,3.0234375,174,172,0.5841528024596127,0.8640687474325126,0.6944911218657214,0.8895348837209303,0.8793103448275862,0.8843930635838151
crop_3000_1,3000,spm_global,0.08746875601354986,0.08906169608235359,0.08691135398112237,0.08748761506285518,0.08721328002866358,3.04296875,3.1484375,3.0078125,3.0078125,3.04296875,174,171,0.5830270055124365,0.8638879084984038,0.6934396316943947,0.8947368421052632,0.8793103448275862,0.8869565217391304
crop_3000_1,3000,sahi_nms,0.006505014025606215,0.006298423046246171,0.0066379919881001115,0.006372735020704567,0.006647491012699902,44.8046875,45.03125,44.546875,43.6015625,44.7421875,174,193,0.5426736800691438,0.8475045790223267,0.6453517737304448,0.7979274611398963,0.8850574712643678,0.8392370572207084
crop_3000_1,3000,sahi_nmm,0.17405725200660527,0.18674754805397242,0.17677107697818428,0.17439493897836655,0.17673099099192768,45.0625,45.265625,44.9921875,45.19140625,45.26953125,174,191,0.5620667302352903,0.8417153152679224,0.6938805365867456,0.8010471204188482,0.8793103448275862,0.8383561643835615
crop_3000_1,3000,sahi_greedy_nmm,0.17825430107768625,0.1692663620924577,0.16893615399021655,0.1694721180247143,0.18779902497772127,45.0546875,45.0078125,45.21484375,45.1484375,45.1171875,174,193,0.5614945371757669,0.8405185050795845,0.6934057600644702,0.7927461139896373,0.8793103448275862,0.8337874659400545
crop_3000_1,3000,sahi_lsnms,6.399136550957337,6.217787250061519,6.269698677002452,6.261409866972826,6.316893112962134,228.859375,228.75,229.0625,228.9765625,228.7421875,174,193,0.5426736800691438,0.8475045790223267,0.6453517737304448,0.7979274611398963,0.8850574712643678,0.8392370572207084
crop_3000_1,3000,smm,45.76176404510625,45.070963670965284,45.39077008794993,45.22424393193796,46.01855850499123,5201.09765625,5209.0703125,5209.55078125,5208.6796875,5209.8984375,174,179,0.5667340148514677,0.8618076584163318,0.6949898532936633,0.8547486033519553,0.8793103448275862,0.8668555240793201
crop_3000_2,3000,spm_seam_only,0.09615240606945008,0.09496224008034915,0.09477485693059862,0.09447097696829587,0.09506868000607938,3.3046875,3.19140625,3.16015625,3.22265625,3.0078125,173,190,0.5978004565284453,0.8547600111269551,0.7127449895424356,0.8,0.8786127167630058,0.8374655647382921
crop_3000_2,3000,spm_global,0.09639461699407548,0.09878968598786741,0.09774904989171773,0.09816369891632348,0.09796961001120508,3.21875,3.2734375,3.20703125,3.27734375,3.28125,173,188,0.5967441880923564,0.854989939395476,0.7127299750283389,0.8085106382978723,0.8786127167630058,0.8421052631578947
crop_3000_2,3000,sahi_nms,0.008115769014693797,0.008192245033569634,0.007738835993222892,0.007693927036598325,0.00788969302084297,46.12890625,45.90625,46.48046875,46.7109375,46.41015625,173,218,0.5734737841776925,0.8468579545711549,0.6822541530322742,0.7110091743119266,0.8959537572254336,0.7928388746803069
crop_3000_2,3000,sahi_nmm,0.19812609790824354,0.19945867208298296,0.2079320290358737,0.20046368998009712,0.2031237370101735,46.7734375,46.828125,46.80859375,46.82421875,46.7109375,173,218,0.5737434715557722,0.8468579545711549,0.6769062212784012,0.7110091743119266,0.8959537572254336,0.7928388746803069
crop_3000_2,3000,sahi_greedy_nmm,0.2009345619007945,0.1993894639890641,0.20268003805540502,0.19850387796759605,0.1981328109977767,46.69140625,46.77734375,46.7109375,46.82421875,46.828125,173,218,0.5737434715557722,0.8468579545711549,0.6769062212784012,0.7110091743119266,0.8959537572254336,0.7928388746803069
crop_3000_2,3000,sahi_lsnms,6.3559225630015135,6.143757866928354,6.371911137946881,6.199361055972986,6.27993732993491,228.7421875,228.9453125,228.9765625,228.7578125,229.01953125,173,218,0.5734737841776925,0.8468579545711549,0.6822541530322742,0.7110091743119266,0.8959537572254336,0.7928388746803069
crop_3000_2,3000,smm,51.00859064795077,51.18758476199582,51.097052496043034,50.93650598695967,51.62307620502543,5897.6171875,5896.6953125,5895.55859375,5897.6796875,5896.62109375,173,202,0.576028348974212,0.8626398795979875,0.6745040285981277,0.7673267326732673,0.8959537572254336,0.8266666666666665
crop_50000_0,50000,spm_seam_only,5.9592818189412355,5.952616045018658,6.187332211062312,6.06032056408003,6.04245448007714,346.90234375,346.91796875,346.82421875,347.1015625,346.69921875,20145,21680,0.6139537386206404,0.8953423382230028,0.7352961402701519,0.8473247232472325,0.9118888061553735,0.8784219964136282
crop_50000_0,50000,spm_global,6.633012338075787,6.898152436944656,6.904577912995592,7.225173495942727,6.950436471030116,344.65625,345.2734375,344.94921875,345.421875,345.66015625,20145,21046,0.6071296389579971,0.8864584388576615,0.7264505685854262,0.864297253634895,0.9029535864978903,0.8832026413536936
crop_50000_0,50000,sahi_nms,13.718844013055786,14.057291356963105,14.458532695076428,13.257800493971445,13.186730009969324,12151.4765625,12154.3125,12151.62109375,12153.9765625,12155.6015625,20145,26096,0.5188344761504363,0.8104432704171177,0.5889642884709467,0.7017933782955242,0.9091089600397121,0.7921108972556822
crop_50000_0,50000,sahi_nmm,31.141571333049797,30.168181117041968,31.033313783002086,30.198749662959017,31.03553741995711,14643.34375,14643.3359375,14643.4375,14643.34765625,14643.359375,20145,25921,0.5771398158689203,0.8475487949487844,0.6905331723843425,0.7187222715173026,0.924795234549516,0.8088394911648504
crop_50000_0,50000,sahi_greedy_nmm,22.22807498590555,22.136173108941875,22.239894895930775,22.374905167962424,23.37737868691329,12153.51953125,12154.14453125,12155.55078125,12151.46484375,12143.609375,20145,26096,0.5758538186219044,0.845457895129019,0.6890484746208603,0.7144773145309626,0.9255398361876396,0.8064271966436711
crop_50000_0,50000,sahi_lsnms,6.35119526705239,6.181568611995317,6.168006189982407,6.1904384340159595,6.361938062007539,279.62890625,279.4765625,279.703125,279.56640625,279.81640625,20145,26096,0.5188345333770887,0.8104432704171177,0.5889642884709467,0.7017933782955242,0.9091089600397121,0.7921108972556822
crop_50000_1,50000,spm_seam_only,3.842003451078199,3.7069034290034324,3.719460817053914,3.852439150912687,3.7682120359968394,174.19140625,174.140625,174.203125,174.36328125,174.23046875,18743,20485,0.6373543591663394,0.9066492846448646,0.769566649003313,0.8450085428362216,0.9235447900549538,0.8825328846742123
crop_50000_1,50000,spm_global,4.222707628970966,4.159216644940898,4.218824742012657,4.226210057968274,4.209929603966884,176.8046875,176.88671875,176.52734375,176.80859375,176.73828125,18743,19891,0.6305809009117814,0.8979346133933425,0.7613173081224394,0.8630033683575487,0.9158619217841327,0.8886473054822177
crop_50000_1,50000,sahi_nms,10.753326353034936,10.930753138964064,10.798112710937858,10.812308437074535,11.097406815970317,10186.015625,10190.6796875,10177.921875,10190.04296875,10190.234375,18743,23581,0.5519626421968186,0.8375412667994523,0.6359664131036629,0.7310546626521351,0.919756709171424,0.8146205462621681
crop_50000_1,50000,sahi_nmm,24.57338122802321,24.704158729990013,24.575105200055987,24.714019634993747,24.959305210970342,12241.73828125,12243.44921875,12243.36328125,12243.3828125,12243.3828125,18743,23430,0.606991974280267,0.8720466715885783,0.7335490138099354,0.7472044387537345,0.9340553806754521,0.8302468403955138
crop_50000_1,50000,sahi_greedy_nmm,17.859156441991217,17.919296790030785,17.262391028925776,17.76901634503156,18.80694575898815,10186.06640625,10190.57421875,10185.9609375,10190.21484375,10191.20703125,18743,23581,0.6079649886354257,0.8702189208946515,0.7324813338444647,0.7430558500487681,0.9348556794536627,0.8279935733862585
crop_50000_1,50000,sahi_lsnms,6.589686764986254,6.550597124034539,6.764613843988627,6.8004202109295875,6.435502520063892,258.3671875,258.95703125,255.96875,259.0625,259.11328125,18743,23581,0.5519624283750091,0.8375412667994523,0.6359659410488704,0.7310546626521351,0.919756709171424,0.8146205462621681
crop_50000_2,50000,spm_seam_only,4.820683414931409,4.544800504925661,4.499294712091796,4.5401002269936725,4.554884945973754,215.83203125,215.55078125,215.30859375,215.40234375,215.34375,18546,20231,0.5927626544814584,0.8582654397653823,0.7031125947116381,0.808116257229005,0.8815377979079047,0.8432318126724605
crop_50000_2,50000,spm_global,5.039111063932069,4.964303530054167,4.965227353037335,5.117328306892887,5.145564784994349,217.90234375,217.8046875,217.9921875,217.84765625,218.2890625,18546,19636,0.5862338895008884,0.8498682030962964,0.6945474669017171,0.825117131798737,0.8736115604443007,0.8486721491802421
crop_50000_2,50000,sahi_nms,11.185350866988301,11.119186545955017,11.121750844991766,11.099080960964784,11.330408197944053,10396.75390625,10394.95703125,10396.83984375,10396.984375,10396.81640625,18546,24361,0.5050980800722747,0.7818503071044347,0.5738663149501647,0.6721809449529986,0.8829397174592905,0.7632787190901251
crop_50000_2,50000,sahi_nmm,27.84631808195263,27.412548888940364,27.930215179920197,28.119674590067007,27.9859471070813,12747.34375,12747.34765625,12747.40234375,12749.09375,12749.1015625,18546,24238,0.5509289136415257,0.8079029090064865,0.6516003466998601,0.6866490634540804,0.8973902728351127,0.7780011219147345
crop_50000_2,50000,sahi_greedy_nmm,19.790906056994572,21.19004379492253,20.577304139966145,20.15867169201374,21.136324974009767,10396.875,10396.73046875,10397.02734375,10397.71484375,10398.8125,18546,24361,0.5500658495398473,0.8065853423300067,0.6505780030126004,0.6837157752144821,0.8980912326108056,0.776376814971916
crop_50000_2,50000,sahi_lsnms,6.963512804941274,6.756598136969842,7.283292328938842,6.882624969002791,6.919142531929538,261.22265625,261.6796875,261.6953125,261.62109375,261.66015625,18546,24361,0.5050987148827795,0.7818503071044347,0.5738663149501647,0.6721809449529986,0.8829397174592905,0.7632787190901251
crop_5000_0,5000,spm_seam_only,0.12590867700055242,0.12497001199517399,0.12275506800506264,0.12354958395007998,0.12269836000632495,5.30859375,5.30078125,5.24609375,5.45703125,5.296875,416,409,0.567900294437268,0.8845190658454078,0.6619160757091573,0.9070904645476773,0.8918269230769231,0.8993939393939394
crop_5000_0,5000,spm_global,0.1281381610315293,0.1305006849579513,0.13053672504611313,0.1365107410820201,0.12819020100869238,5.359375,5.4921875,5.36328125,5.4453125,5.4453125,416,406,0.5660266656374677,0.8751903609516293,0.6548919424517446,0.9113300492610837,0.8894230769230769,0.900243309002433
crop_5000_0,5000,sahi_nms,0.015569020994007587,0.015186499920673668,0.014805028098635375,0.014580977032892406,0.01493206899613142,54.29296875,54.359375,54.515625,54.3203125,54.36328125,416,470,0.507562589085562,0.8314188035252863,0.5724771853452882,0.7957446808510639,0.8990384615384616,0.8442437923250565
crop_5000_0,5000,sahi_nmm,0.19498070608824492,0.1917719910852611,0.18896786600816995,0.19304953492246568,0.19168888998683542,54.37109375,54.390625,54.46484375,54.34765625,54.37890625,416,465,0.5521090032214072,0.8599820319623568,0.6426417486564161,0.8129032258064516,0.9086538461538461,0.8581157775255391
crop_5000_0,5000,sahi_greedy_nmm,0.18674224300775677,0.18450075900182128,0.18363403202965856,0.18549314001575112,0.18759962602052838,54.42578125,54.58984375,54.55078125,54.41015625,54.609375,416,470,0.5514688869857174,0.8652221011934497,0.6408738452509742,0.8063829787234043,0.9110576923076923,0.8555304740406321
crop_5000_0,5000,sahi_lsnms,6.639782930025831,6.431318605900742,6.448022456956096,6.346982356975786,6.389706416986883,224.86328125,225.23046875,225.015625,225.0078125,225.05859375,416,470,0.507562589085562,0.8314188035252863,0.5724771853452882,0.7957446808510639,0.8990384615384616,0.8442437923250565
crop_5000_0,5000,smm,204.58913150290027,203.939629695029,201.63362269091886,211.27485834702384,209.6918820409337,26660.3828125,26661.36328125,26661.12890625,26659.2421875,26661.30078125,416,426,0.5590736009156908,0.8939865499989598,0.631020768123475,0.8849765258215962,0.90625,0.8954869358669834
crop_5000_1,5000,spm_seam_only,0.13844422902911901,0.15357397904153913,0.14097507391124964,0.13809704803861678,0.1573119630338624,6.22265625,6.19921875,6.0546875,6.17578125,6.0859375,410,413,0.5801255976699788,0.8728176754013924,0.6629202763567329,0.8789346246973365,0.8853658536585366,0.8821385176184691
crop_5000_1,5000,spm_global,0.1476172039983794,0.14620794402435422,0.1479302339721471,0.14684825099539012,0.14543500903528184,6.15625,6.15625,6.1015625,6.14453125,6.125,410,410,0.5779318119491226,0.8724570615947956,0.6613404166677519,0.8804878048780488,0.8804878048780488,0.8804878048780487
crop_5000_1,5000,sahi_nms,0.02035193401388824,0.020126066985540092,0.019530808087438345,0.019629913032986224,0.020373863982968032,55.08984375,55.28515625,55.9140625,55.68359375,55.46484375,410,495,0.5356153439579667,0.8425536321340819,0.5860719195706341,0.7515151515151515,0.9073170731707317,0.8220994475138123
crop_5000_1,5000,sahi_nmm,0.20661617699079216,0.2057650201022625,0.20506897999439389,0.2326658460078761,0.21062025800347328,54.49609375,55.2109375,55.0703125,55.65625,55.08203125,410,493,0.5780650559876576,0.8747498565871282,0.6482573341713328,0.7626774847870182,0.9170731707317074,0.832779623477298
crop_5000_1,5000,sahi_greedy_nmm,0.20605549192987382,0.20843121805228293,0.2049887350294739,0.20850797498133034,0.20399747602641582,55.8046875,54.46875,55.78125,55.58984375,54.7890625,410,495,0.5776005660205812,0.8737881221759093,0.6476992186743974,0.7595959595959596,0.9170731707317074,0.8309392265193372
crop_5000_1,5000,sahi_lsnms,6.33072228601668,6.33452287002001,6.292928755050525,6.328005380928516,6.320767174940556,225.890625,225.65234375,225.73046875,225.8984375,225.8515625,410,495,0.5356153439579667,0.8425536321340819,0.5860719195706341,0.7515151515151515,0.9073170731707317,0.8220994475138123
crop_5000_1,5000,smm,209.27762574295048,213.63177081895992,216.29617530002724,209.82478113588877,212.40313728398178,28090.01171875,28090.1953125,28089.25390625,28090.12890625,28090.0703125,410,451,0.5719976157946898,0.8908751909941651,0.6466826559699789,0.8270509977827051,0.9097560975609756,0.8664343786295006
crop_5000_2,5000,spm_seam_only,0.13504823704715818,0.13489060592837632,0.1372549469815567,0.1425925079965964,0.13451821194030344,5.62109375,5.75,5.65625,5.77734375,5.76171875,408,480,0.6215625171027181,0.8908249565380371,0.7510555437207069,0.7791666666666667,0.9166666666666666,0.8423423423423423
crop_5000_2,5000,spm_global,0.14150668401271105,0.1416389640653506,0.14250073698349297,0.14659512101206928,0.14129471604246646,5.68359375,5.7578125,5.8046875,5.7578125,5.58984375,408,475,0.6179258414301109,0.890281390638824,0.750075871035715,0.7852631578947369,0.9142156862745098,0.8448471121177804
crop_5000_2,5000,sahi_nms,0.02428518992383033,0.024167297058738768,0.027204561978578568,0.026216026046313345,0.02644294104538858,57.6796875,58.20703125,57.47265625,57.7109375,58.6640625,408,546,0.5971550043425788,0.8796055908100072,0.7164350159877221,0.6959706959706959,0.9313725490196079,0.7966457023060797
crop_5000_2,5000,sahi_nmm,0.2212486199568957,0.2164862030185759,0.2205131909577176,0.21470706397667527,0.22007270099129528,57.5078125,58.5859375,58.3359375,57.875,57.953125,408,545,0.6028572049810598,0.8688668176758576,0.7344022018169767,0.6935779816513762,0.9264705882352942,0.7932843651626442
crop_5000_2,5000,sahi_greedy_nmm,0.24364034098107368,0.21007762604858726,0.21228517405688763,0.22858811903279275,0.2226209370419383,58.72265625,57.9921875,58.51171875,58.55078125,58.28125,408,546,0.6030926009117209,0.8688384370410352,0.7343899784658501,0.6923076923076923,0.9264705882352942,0.7924528301886793
crop_5000_2,5000,sahi_lsnms,6.902276020031422,6.854232685058378,6.4097933761077,6.724234227905981,6.803274768055417,225.90625,226.5390625,226.67578125,226.5,225.91796875,408,546,0.5971550043425788,0.8796055908100072,0.7164350159877221,0.6959706959706959,0.9313725490196079,0.7966457023060797
crop_5000_2,5000,smm,231.69827229506336,223.35798896895722,219.39561829995364,220.5882542640902,218.68812170508318,30688.17578125,30689.04296875,30690.046875,30689.62109375,30688.99609375,408,500,0.5983155349181586,0.8863522994802134,0.7215746333153752,0.748,0.9166666666666666,0.8237885462555066
